<?xml version="1.0" encoding="UTF-8"?>
<!DOCTYPE hibernate-configuration SYSTEM 
"http://www.hibernate.org/dtd/hibernate-configuration-3.0.dtd">

<hibernate-configuration>
	<session-factory>
		<property name="hibernate.connection.driver_class">com.mysql.cj.jdbc.Driver</property>
		<property name="hibernate.connection.url">jdbc:mysql://localhost:3306/major_project_snake_n_ladder</property>
		<property name="hibernate.connection.username">root</property>
		<property name="hibernate.connection.password"></property>
		
		<property name="hibernate.dialect">org.hibernate.dialect.MySQL55Dialect</property>
		
		<!-- Allowing the Hibernate to Perform DDL Operation -->
		<property name="hibernate.hbm2ddl.auto">update</property>
		
		<property name="show_sql">true</property>
		
		<mapping class="Entity.General_Knowledge" />
		<!-- <mapping class="Entity.Java_Questions" /> -->
		
		<!-- <mapping class="Entity.Ladder" />
		<mapping class="Entity.Snake" />
		<mapping class="Entity.Tile" />
		<mapping class="Entity.Dice" /> -->
		
	</session-factory>
</hibernate-configuration>